Jobs;Companies
Ruby on Rails Developer;Roostify
Senior Frontend Developer;ShipHero
Software Engineer (Frontend);Anedot
Salesforce.com Development Director;ceoconnection
Senior Golang Developer;CodeNotary
Lead Backend Engineer;FingerprintJS
Senior Front-end Engineer;Zappyride
Backtrace Full Stack Engineer - Services;SauceLabs
Full-Stack Developer;Toptal
Front-End Developer;Toptal
UI Developer;ModernTribe
Staff Backend Engineer;Codecademy
Senior Software Engineer - Backend;EightSleep
Technical Lead Backend; Growth HubSpot
Full Stack Engineer - Mobile Focus;EightSleep
Senior Software Engineer;Edquity
Senior Full Stack .NET Developer;AmericanRedCross
Backend Engineer;NightfallAI
Senior Front End Engineer - Consumer Cloud;SAP
Ruby Engineer;Fullscript
Senior Data Engineer;CarMax
Senior JavaScript Software Engineer;ConsenSys
Back-End Developer;FirstBoulevard
Senior Ruby Engineer;Fullscript
Manager  Front End Software Engineering;Twilio
Senior Developer (Scrum Master);ViridiosAI
Back-End Developer;Toptal
Back End Engineer - Java;ModusCreate
Full Stack Engineer;Cisco
Senior Full Stack Developer( React and Python);TrioGlobalSoftwareEngineering
Ruby Software Engineer;Paubox
Salesforce Engineer;FacetWealth
Senior Full Stack Engineer - Booking Experience;TaskRabbit
Backend Engineer;Messari
Front-End Developer;SystemOne
Ruby on Rails and Mobile Software Engineer;MyHealthTeams
Senior Backend Engineer;Pantheon
Senior Software Engineer;NathanJames
Senior Backend Engineer;DuckDuckGo
Senior Full Stack Developer;SAP
Senior Software Engineer( React/Frontend);Superside
Full Stack Software Engineer (f/m/d);PlaytestCloud
Shopify Developer;Toptal
Node.js Developer;Toptal
Back-End Software Engineer (.NET);HighSpeedVentures
Front-End Software Engineer (React.js);HighSpeedVentures
Senior Backend Engineer - Growth;Codecademy
Infrastructure - Software Engineer;Elastic
Software Development Engineer in Test - Backend;Twilio
AWS Developer;Toptal
